{"cameraMode":{"drawMode":0,"name":"Shaded","section":"Shading Mode"},"sceneLighting":true,"audioPlay":false,"sceneViewState":{"showFog":true,"showMaterialUpdate":false,"showSkybox":true,"showFlares":true,"showImageEffects":true,"showParticleSystems":true},"in2DMode":false,"pivot":{"x":2.430830955505371,"y":-3.6371853351593019,"z":3.741816520690918},"rotation":{"x":0.28853094577789309,"y":-0.027288300916552545,"z":0.008224688470363617,"w":0.9570646286010742},"size":13.337264060974121,"orthographic":false}