{"cameraMode":{"drawMode":0,"name":"Shaded","section":"Shading Mode"},"sceneLighting":true,"audioPlay":false,"sceneViewState":{"showFog":true,"showMaterialUpdate":false,"showSkybox":true,"showFlares":true,"showImageEffects":true,"showParticleSystems":true},"in2DMode":false,"pivot":{"x":-13.991592407226563,"y":17.281986236572267,"z":-9.422577857971192},"rotation":{"x":0.4379768669605255,"y":0.3313637673854828,"z":-0.17773284018039704,"w":0.8165766596794128},"size":0.8660253882408142,"orthographic":false}